SRA_ID,PC1,PC2,PC3,PC4,PC5,PC6,PC7,PC8,PC9,PC10,PC11,PC12,PC13,PC14,PC15,PC16,PC17,PC18,PC19,PC20,PC21,PC22,PC23,PC24,PC25,PC26,PC27,PC28,PC29,PC30
SRR18483737,0.06987947828466104,-0.08255195816040171,0.06630865345065817,-0.11747988510336697,-0.0025763583295014604,0.0027531881466814115,-0.09307992935817803,-0.11244536863442822,-0.054831171369882026,-0.018593194284072224,-0.012560773201320796,0.02099832764791033,-0.05550928365940429,0.05088574065819578,-0.06866586081067202,0.07357794855697734,0.05774952211565231,-0.08786839384259029,-0.023707856557672595,-0.015111063956049964,-0.003160098757436885,-0.008412401020260018,0.025794992270193995,-0.03551267548060059,-0.02454872268541493,-0.005129069853948963,0.005721754089359066,0.013872345231282961,-0.002239843478677945,0.0028575555776223466
SRR18483738,0.012762522077689279,0.10500981696513433,0.08190308440382706,0.10153054079389623,-0.5656410566826454,0.2423489306905696,0.0616551352392542,-0.17281809605585216,0.029641287197998436,-0.010123165771633715,-0.11216267911230066,-0.12158804882046816,0.0245978914166919,-0.02834256309044247,0.04168011128252707,-0.009020601302795975,0.05173616914438017,0.043623212661864225,0.006147646786524319,0.03392391489405311,-0.05095238160949738,-0.0304372186751167,-0.08715245951217045,-0.01464361366525775,0.04060731197510503,-0.07791028617967118,0.029254991792007686,0.05647690224149381,-0.05286657208633735,-0.024396823696118935
SRR18483750,-0.1279439780998853,-0.03904210967820694,0.020074601178779242,-0.035052316906888564,0.1389253589348398,0.12067724769259384,0.2704844802241047,0.07341312154144902,-0.1715349327259044,0.14855947540713332,-0.14512288645233357,0.03512989956520011,-0.022673256250854416,-0.09816439634527438,0.020515208656727853,0.08420053167461841,0.03956461208050091,-0.04203335307795683,-0.06360725290536529,-0.04217332811610149,-0.13652667437112934,-0.07879480685515201,0.06575139444773781,0.013582145226937513,-0.0009208281091580716,0.010396476026940387,-0.025918695951182794,0.0713013432235958,0.0075427710446139135,0.04826326810163887
SRR18483755,0.42843615030983384,0.0637840458983548,0.3256996846639156,0.31682354587143635,0.11904037971329022,0.056137388991701745,0.16638986852437557,-0.054834363999232985,0.061933564947747155,0.04682479373624671,0.12501073090311932,0.016639506527441592,-0.04440347250093916,0.06942229692834556,0.12248004947378666,0.08003319208930323,-0.0026840442694400744,-0.06865195140512352,-0.045543778738138974,-0.021278484207486008,0.004941437595351921,-0.05137103475097531,-0.029019213286550737,0.0041713536039673016,-0.012384787051685144,0.05068482472934642,0.02024977813785997,-0.017094572308683522,-0.0721112964033779,-0.03401129510131851
SRR18483759,-0.23110421208099488,-0.08654579970723288,-0.09058888053278742,0.1320880087072796,-0.06171427453936829,-0.20186430197428432,-0.08093329630186152,0.03181796626323972,0.07773149854225131,-0.08500021366774217,0.04376501548130066,-0.0757438337183785,-0.09279135780199127,-0.04623046844521237,0.06605421297518231,0.01258567706195642,0.0393219752903902,-0.020533088739222695,0.0376937620069054,-0.002175294468317057,0.05305907264021529,-0.008952607766532407,-0.014348021664502367,-0.02121180737701527,-0.03429362764215862,-0.0017875377859024157,-0.01807473019299114,-0.006575381780948112,0.05470658037583897,0.04955473817690261
SRR18483763,0.2846056836970527,-0.09884765699450905,0.031904359842905905,0.0975887281122472,0.09538696749756734,0.037533667293864245,-0.07387064627983174,-0.008348443897907983,0.0538500732566939,-0.036982108011237164,-0.09813811783148718,0.0008072066100170003,-0.04541005890854004,0.04322378762039069,-0.03312196904054899,-0.030153620539471005,0.04003275269333176,-0.01655734400447153,0.040236467810770234,0.04078179403949301,-0.030307603375777026,0.010157743871573257,-0.014367586207346291,0.0034971638688686604,-0.005927546727412421,-0.002629523036981438,-0.009954107098835157,0.015955250418166717,0.011601637266828354,-0.006389591679299874
SRR18483764,0.08053031073454073,-0.10081933292823904,0.005270722662920351,0.05803558320504857,0.129920453068717,0.08118510548540764,0.14366763667342028,-0.0814452718841301,0.05553364613948627,0.16584031910416958,0.09438233315946815,-0.03976138608658464,0.01459039488114009,0.03204496566223778,-0.01753896826683859,0.02455104076132917,-0.04342555962885481,0.024237869089055702,-0.012346401354773408,-0.008040833612213,0.045854027959086656,0.05102620706529294,-0.03250725514873647,0.05226872975501894,0.013322543186535332,-0.04733340837929545,-0.02303964473802408,-0.014742210017738355,0.030344964147963685,0.025237049796082107
SRR18483783,-0.2541831737285926,-0.04264048968173107,0.15225789409339907,0.04798740185332469,0.028485601610783104,0.07564709144277075,-0.1667086167937391,-0.01507389239137959,-0.008507539312478543,0.05833568432996012,0.01705526865478217,0.04906150450512608,0.022292306292357428,-0.04918189965374194,0.012848250180066821,0.010754566294726535,0.007465391990110077,0.007989374518869883,-0.03556908070045047,-0.0016064715489388622,-0.028261711823869818,-0.03462236078784481,0.020563634956466587,0.018099938504431996,0.007919047665328461,-0.018246644942292462,-0.0360322920561274,-0.04222348394986907,-0.0003024270006340587,-0.021677566395833563
SRR18483793,0.022182759472273973,-0.14716999947185191,-0.43694682439487215,0.08858935121457738,-0.0345194219914402,-0.0905606716655877,0.10480921501350682,0.05539653846296383,0.12740445183924679,-0.070629989520721,0.029028273282748075,-0.07473900569716663,0.005374991817441882,0.013353470961098141,0.00295015290575588,0.025953505346256282,-0.039981314660334326,-0.036411293025452554,-0.0775647045707955,-0.07801644920257503,-0.01731753298934193,-0.12170422109554796,-0.02936204009412307,0.017344974080501098,0.09971402801048274,0.025570873693652435,0.01958257738513923,0.0031275584158442045,0.037779262984353586,0.0035558748739215134
SRR18483795,0.5628792409823797,0.04020576164765517,0.18947557312779995,-0.05865057168233171,-0.03025596022814013,-0.02418147756250086,-0.02451249992419799,0.055172675053997595,0.012183274166487162,-0.045071031189232585,-0.013385255253159091,0.02111341281816249,0.018295765127451135,0.019271086679237822,-0.04921442717885009,-0.013444201007683584,-0.019832857437461687,-0.01978083268262021,-0.01153493232630073,-0.058654783860452614,0.03320486366554378,-0.04375273954803632,0.03181433703286149,0.03289228508018055,-0.0747955507255226,-0.006095539189980956,-0.05344814882754161,0.044538451238062965,-0.028330582932908657,-0.12339529418546995
SRR18483796,-0.038298991147408624,-0.1267295117182225,-0.119698063476345,0.21128166974261395,-0.008277261235869207,-0.07834471319160163,-0.0909666719849958,-0.045937403519412626,-0.0147431938330912,-0.07647022864004246,-0.04703433923784449,-0.023212770226011377,0.0013982081633180006,0.005614918707229763,-0.0057670648771855895,0.027537392807908106,0.05189341803028351,0.021411804612577714,-0.000938488194399481,0.0037527949004161044,-0.01424814694071328,-0.019104857923261824,0.06955763138280212,-0.005246209652684502,0.03976805250585764,-0.0505354934783815,-0.004704368968668037,-0.018122618889904834,0.004891592227529213,0.008470136780832745
SRR18483800,-0.4685757202428136,0.1074446355859291,0.23713328182185417,-0.07782244440057119,-0.07363913092681017,-0.03925224752649257,0.1292873827727336,0.06647572919829624,-0.08627723193767517,0.06777064829188627,0.08932266282846246,0.09955372185202337,-0.16560558355418548,0.0699866295193346,0.010687173551737187,0.007752465978882809,0.10205614291364484,-0.05853930382832079,0.03693653174090648,-0.01660323443642783,0.015559058912688686,0.009702247133028372,0.024788737353786252,-0.02450732697700268,0.05757890576910135,0.016898691304190035,-0.017358819014962036,0.043967110792164546,0.060174220574968594,0.019443424435311173
SRR18483804,-0.4593575625458809,0.06152634678877514,0.18019790078291947,-0.08270109845253333,0.05229633546395393,-0.01530402374862002,0.1871792738405387,0.1422952693875239,0.09518849581855267,-0.14105783127994242,-0.012085399271961382,-0.08158390623108967,0.06621293326621983,-0.0025932195918682245,0.014877981509855373,0.07836561355970159,0.028045087201641016,-0.040420360373018,-0.009688321050311945,0.01685557452990485,0.00487071201257833,0.03954254265608593,-0.04152432726297885,0.02298518347648003,-0.02106353475725371,-0.05200406539633811,-0.006125198238572783,-0.025784298627025807,-0.022694157337658828,-0.039765856071903444
SRR18483806,-0.17100729928744576,0.025770324493329097,0.23459344055317422,-0.14083930542660109,0.01634782764180514,0.009793424156729943,0.05155583494875772,0.08020922361825279,-0.0010019530153546113,-0.0016723811596886398,-0.046769667166788875,0.003657243586969462,0.07284137000636116,-0.03601034555274557,-0.1190368106677857,-0.02022502614186557,0.08546656712466895,0.0565608055782691,0.04625593723042809,-0.14213423480481546,-0.0014875893440697036,-0.012280341009172342,-0.089331016623011,0.011671406981606468,-0.028655476093386305,0.006861636089113546,0.03070345989246266,0.040604119944873236,0.07894746246431326,0.014934171662704408
SRR18483850,-0.43021730214246756,-0.04305194978956933,-0.023939972001557966,0.02324993184431155,-0.029116162179892043,0.02751436986449288,-0.09081264663893732,0.10960332449352922,0.02025863566034774,0.05891859241083244,-0.008844920541506237,0.07194087117903997,-0.01861558578789526,-0.016350134659134496,0.02325240932444455,0.06488500673367963,-0.03145290900043285,0.028026384703887026,-0.02983526236554799,-0.004906191906559169,0.017600948445750907,-0.02045945247631426,-0.04345375968302522,-0.010540437235472046,0.007917791270845442,-0.018973545719069704,0.013139097820614391,0.013006796685655958,-0.007470808636416378,-0.03325021418798365
SRR18483854,-0.23135934639345726,-0.08920380207468785,-0.006886917907548355,0.03713030208679717,0.0671337543697301,-0.04468851466265607,0.03850466793285425,0.018805518664886917,0.04965810561688055,0.06745425510291926,-0.012801314390475514,-0.03412355744803037,-0.04403425858125716,-0.01615722084797756,-0.034711025681790984,-0.07142889957065356,-0.02823374582794323,0.025762313679277525,0.0010943674673090772,-0.02650570552844963,0.02115972080467192,-0.045633834481103544,-0.05894096365743899,-0.03626230670324736,-0.013288303162404253,0.050863061323854375,-0.011116198993100375,-0.04945127961487122,-0.009400273419450477,0.0070240835201984845
SRR18483865,-0.3709485930294017,-0.06330774637142221,-0.03850357384545341,0.06527057511978694,-0.03905006083480094,-0.10290983850617896,-0.07915542326579501,-0.011320774952683427,0.07400225304205788,0.05066477037264649,-0.03807340492149404,0.007470154043601178,-0.017217051528924342,-0.036587634013543056,0.017043177655262032,-0.06334125463192306,0.006935520974986806,-0.037863381711883914,-0.008117180483209072,-0.030202346596848305,-0.04083774747885389,-0.008580998838830355,-0.02296310473475554,-0.008269559176686016,-0.02614322389578597,0.00468026489565511,-0.008071449963986913,-0.03348212342626831,-0.016533619631116023,-0.020852260111070085
SRR18483874,0.059038513364619044,-0.1421877316997063,-0.3240229953604756,-0.005759495511139671,-0.07706204985372099,-0.14765013026740298,0.011058359379511214,-0.11862132741111271,0.07780225492461638,0.011040823590103709,-0.0785225281699712,0.027119349496955353,-0.0059014273713823735,0.06268667224612716,-0.007623105900422255,0.009325277629757385,0.05869629981642931,-0.027242162672890195,0.002043150247367864,-0.0035727562740912686,-0.06147042543723572,-0.011736715221487027,-0.0026067790367182413,0.006695071442309362,0.0375853847328253,-0.01877015999810436,0.016778294544601936,0.012981781633524883,-0.02034051691891456,-0.0009552315377509665
SRR18483879,0.21897640586482303,-0.08980878871887285,-0.10233630516896787,-0.3138924165238905,0.0035602415427328175,0.08417328304592152,-0.00927357620369422,-0.08386172087260792,-0.04729907797854225,-0.041850067795223996,0.0938974250507526,-0.015453566052313013,-0.03703818206008991,-0.016926797066591,-0.04091031737825434,0.006168769004262504,-0.008298743876518019,-0.0009809701331714516,-0.03290970615385954,-0.03584733831759903,-0.05202525888119915,-0.014330838887698844,0.013747241544718803,-0.06863861904493974,-0.020138657978930365,-0.012116719450754989,0.0014867302141758653,-0.01444389768662891,0.011109274622408849,0.00037894203335293094
SRR18483889,-0.24713330212478146,-0.08743318044556322,-0.04508190720745942,-0.12269840786552841,0.002064445830518191,0.006999806925341545,-0.0758041407974493,-0.01978794522329498,0.08983237185268864,-0.07134791244988285,0.11550605391654038,-0.04761739924643499,-0.035815489439252626,-0.02385242429465845,-0.03122266619186704,-0.00821413977224504,0.011397137664185169,-0.009689798769506222,-0.00627431568838214,0.07298154261157994,-0.0324960252955995,0.007765887134296801,-0.0033589824962528283,-0.00638849354886267,0.002333392624640928,0.003910749115409292,0.01486608424997972,0.004283342004042594,0.023886718365224695,0.00974441912820411
SRR18483894,0.2864122626038007,-0.12039853037482866,-0.17505302100178657,-0.05050916958874488,-0.01993575097662833,-0.06354875964391268,0.013764694556490816,-0.034268244528664185,0.08175271705553686,0.0333978155704398,-0.0036280103837761576,0.04563858348735873,0.07059093185142805,0.07677712610760531,-0.07333406873282163,0.0020029949900675645,0.020425902139110108,-0.026118983867766433,0.017055414135949853,0.06009201889911326,-0.0190927169538719,-0.008344069130400058,-0.019717998568921914,-0.00031065392159879867,-0.03698850063965344,0.008095717945143414,-0.05446218654442551,0.02015436894988848,-0.012480411224135617,-0.005102652597593217
SRR18483896,-0.22755678159350626,-0.06526781564192101,0.10893745513308081,-0.026538988510011404,0.10607881066744086,0.09345908312438145,-0.021119083081947848,-0.050354209770761285,0.008321876908770563,0.03260918258967973,-0.05611518688574234,-0.01944357033971073,0.06325091481903514,0.017476196118520994,0.03385802733496572,-0.025832261699206296,-0.04944983740489425,0.01121215564033925,0.0022983600320001063,0.03225540585647692,0.020752894120741064,-0.05423505082214503,0.005380388241493777,0.023914782554550013,0.01431002590352434,0.013838161054851503,0.007598348250779534,-0.07875212822120561,0.03067361819483499,-0.027966830765921855
SRR18483897,0.26631346303896614,-0.12056556813588831,-0.12208059791696076,-0.040866486451828825,-0.005725523137557785,-0.053747904094918746,-0.0037132779567634446,-0.07202682724037883,0.03136819755295876,0.022059277743860194,0.012380757715808814,-0.048306716626592555,0.01220388140387507,0.0021170802443848022,-0.05472806224174791,0.024569941744097334,-0.027097827934250997,0.018750509044774287,0.01246282346829188,-0.029173202117532947,0.02178571559461513,0.03062804851149711,-0.01172132705238682,0.020680906881346696,-0.035082143625634075,0.05122415942123617,0.005066700442317817,0.011127072508696578,0.024657798714014256,0.011305674032586484
SRR18483925,0.10765552948899904,0.21485811535690327,0.11160689815327651,0.22213445839426557,-0.6969122390253135,0.356892599782452,0.11670912185658526,0.015409540622168615,0.018975182328966646,0.03462828271751455,-0.03346408399183895,-0.04576814087807239,-0.05123459942664182,-0.018763968938296936,-0.0519447159849929,-0.01062712555805621,-0.03439836220170207,-0.033440125628758845,-0.014822534286117992,0.009269995527565347,0.0652257073250576,0.010241251168310905,0.053165665507573866,-0.010242063672863868,-0.03836131105584644,0.0593343927510747,-0.024882001880388145,-0.0478890011787515,0.04789197546805067,0.03207717371138207
SRR18483956,-0.1940879657971374,-0.1035425285405409,-0.22663096522713894,-0.024653541262262463,0.014914217458637793,-0.01484233829648088,0.16741522831009378,0.1358683297099893,-0.04012413161709283,-0.01613321950014749,0.037444207463509335,-0.08068540041954195,-0.005711222957818562,-0.09665792599581181,-0.046789831931811604,-0.035607952164889205,0.012808688749146091,-0.028577500092602248,-0.03457774512147004,0.02936993558235498,0.019092389292968866,0.055153189899260005,0.09860034663857134,-0.0011908082807425952,0.07577951311945845,0.015709819439645275,0.02686876063356856,0.02167892507292998,-0.04557563698988781,-0.05250609172953517
SRR18483957,0.2998787177419216,-0.12844974023589106,-0.14158041289219214,0.15143211701090398,0.05004677207512363,0.0003595957207900018,0.006168555378066375,0.008788333898489997,0.05207710470934262,-0.051877150426087176,-0.040505469492761126,-0.02442030752132106,-0.015544670225033282,0.0701380473767217,-0.07924210457396681,-0.036140127642051795,0.03369442610921093,-0.06851407750659753,0.004680480911997703,0.006916068802849824,0.004385585572987493,0.03533608093672769,0.015878096552968905,0.014298542736236205,-0.008443361142023225,0.05566930907475898,0.022182828061169047,0.02038090303851234,0.012913776231705403,-0.02612303998345959
SRR18483969,0.09787311380724414,0.001703608590618789,0.1961900465065361,-0.14623712718684911,-0.008587033908645939,-0.1515517324502426,0.02025397889431556,-0.04079894227520016,-0.20043130512332147,-0.029405183822354127,-0.0627625270975375,-0.020239593568317,-0.19509264385921457,-0.037187395842960894,-0.03388549736193672,-0.06535107121762111,-0.008028009325048543,-0.05391614844159022,0.02074182402491427,0.034270595537675294,0.08726963637135854,-0.10630954110386112,-0.033913196771229906,0.1837851897633285,-0.03798806159023429,-0.012486240928867113,0.03440046966077168,0.004095842810447397,0.004271474741830963,-0.019072287840493203
SRR18483971,0.615141418788614,0.08963424175574408,0.10449505745600005,-0.3046872629699925,-0.11695853632204332,-0.12211232756612675,0.029047808744324458,0.1432737782862513,0.15165234562531565,0.04678615284442623,-0.009946889242821376,0.05472524596457336,0.00729973207719891,0.003240597415719544,0.07672043776879348,-0.022985725413926246,0.04391334723153402,0.05947879694944808,0.03187364278637618,0.0012912701745659886,-0.05511718657218141,0.015040687965357843,-0.009372663990360457,0.033671305753752184,0.09516902404768005,-0.020469551920833304,-0.022965344078741238,-0.031743446358814605,0.013470680324696995,0.036784105272238056
SRR18483972,-0.128787361968023,-0.0832468948000402,-0.13380397013074716,-0.1989597611529738,-0.017660670974916793,-0.02973776050761025,0.15944075792181994,-0.1500464189863651,0.02157018593733308,0.10654703481906545,0.19002110720576906,-0.039674221170846485,0.002883149353685687,-0.004653823991292482,-0.016567796464624848,0.004192919996174389,-0.010944018192110236,-0.00441365836174866,-0.026542317878991993,-0.011400213440488513,-0.021460132152269624,0.006157943358610628,-0.015348959615622548,0.003527315177576971,0.029813811393146372,-0.03739101718542149,0.01345923610796203,0.010252551684057781,-0.06441155389627047,0.021661349748053928
SRR18483976,-0.05296514483960042,-0.07527009713674908,0.04503425868020786,-0.034469618110639304,0.021110517757110807,0.05408941466207454,-0.09934692865691336,-0.06906299271378467,0.054735733469013385,0.0902719523900401,0.06099617636315183,-0.006988614638611555,0.05880200537978983,-0.08241262975072003,0.10737304482141755,-0.04223798427696982,0.04893453934413487,-0.04569592207735509,0.020242859802275238,-0.02977547384764429,-0.031667890704453174,0.0874137308123347,-0.020871427073587263,0.019630387915143984,-0.039078122295535644,0.006522799748535653,-0.05603847073176757,0.04621974270604543,0.06429333799841623,-0.03203910074254733
SRR18483991,0.24509800468392973,-0.14892855333156926,-0.37358943053962335,0.21858619025302375,0.005126008732020692,-0.007188672486732198,0.0675472320550772,0.1512282616402367,-0.037416979823722066,-0.06673317650388895,-0.006997654698755244,0.003767333561301513,-0.0685614000459014,-0.009093976188951611,0.009490539669327858,-0.00977784085508127,-0.0254325482385221,0.03949339570446179,-0.009850405098368362,-0.015784470170727986,-0.01802412372555866,-0.04286563224550926,-0.00018586125307594562,-0.0027755688351508052,-0.011110078894219246,0.0019112794212228184,-0.004962439087478274,0.015004147683223768,-0.010517924739685266,-0.03353186675616546
SRR18483995,-0.15710284309696249,-0.12602639741791546,-0.1483057863150256,0.022198763497817298,0.005822789833499656,0.008720472191231517,-0.003022049828789307,-0.02312067698003766,-0.03764751182420503,0.04997238130317671,-0.04115265093040172,0.022356431856637497,0.05616185020849726,0.02031513740442801,-0.06388721719014659,0.03451285687700204,0.017060755396611765,0.024805701487504574,0.008886651830531122,0.019459032746471414,-0.003583605351670571,0.03928235771401528,-0.011661034242933655,0.013913204832663048,0.011160075971397556,-0.0065942862601105654,-0.022465125156519772,-0.04725150368366232,-0.0012281522208692419,-0.0357302343571685
SRR18484002,-0.12507586934353251,0.59572311045733,-0.26629041766527356,0.03771504583999695,0.17400442998951415,-0.013563896901410308,0.12711807688146592,-0.0648769531352334,-0.021941672806797027,0.025229977021952725,-0.06685418327078317,-0.052939288080086064,0.06711607590974172,-0.05011254666907754,-0.03127460418040414,0.013546287309234994,-0.008531209858497512,-0.010281789530116017,0.019162865278410487,0.03919797185920259,-0.0421670181144933,0.006417779301146883,-0.06350068505568471,-0.00909385241840342,-0.06583159796133253,-0.02347636359086256,-0.04828084878319241,-0.040364889148460335,-0.022180718865351404,-0.0004055213564811177
SRR18484008,0.281454617663972,0.0036737199409395565,0.21835251401199915,0.16985429792945891,-0.03858984362304855,-0.05893359851588466,-0.024342166937162398,-0.04343933012548798,-0.08002008768668582,-0.017635901066853577,0.0445291141911447,0.018501027219854242,0.05788953824721459,0.044677256700945835,-0.06976204627217124,0.005626254546807887,-0.012779207845591238,0.047461584280535464,-0.006664475640663756,-0.11720235885018246,0.02481863589673006,0.03751459768538633,-0.03218844284427777,0.0765245968924526,-0.024095294019567722,-0.07152077894805069,-0.029359634669771012,0.013177113761317926,0.009135812360548482,0.001723723795864584
SRR18484025,0.1502245106956701,-0.056971464343809786,0.2034605395830127,0.11406860920931745,0.08564291847676045,-0.016251281918702565,-0.08900289670423504,-0.021086843632751942,-0.00618235710035927,-0.05463488595128852,-0.049830145277378494,-0.06839653353868892,-0.014495443613243392,-0.04491712732985819,0.042955682945265826,-0.006861374228960513,-0.004960765109104,-0.07263437807993835,-0.01650840400033594,-0.00663084782847337,-0.053353728688138036,0.05180593350518955,-0.017119463903571795,0.002539543050888999,-0.04141952253896984,0.06101958892101978,-0.021633675832372027,0.018555478631606122,0.022794489609068307,0.015909704600211943
SRR18484062,-0.07115358855762434,0.34701246953265485,0.07995748888009634,-0.07633370496999291,0.18908427470119957,0.058315767564041755,-0.03438891227141812,-0.06423312739096364,-0.06336782041402982,0.02445482656785078,-0.08296036307628289,-0.08071730078824044,-0.024966538260507057,0.07368246767849533,-0.03046664350739362,-0.050620068354727564,0.0013186036996376857,0.043792527912274545,-0.056052574460139705,0.045503669780858735,0.0629119314503782,0.04994923650186144,0.010956878573658471,-0.023616122097554353,0.09036535906326076,-0.011813155992647373,0.00091385035949486,0.03550626640980314,0.0352922256346473,0.002842786558773745
SRR18484067,-0.06495466623780867,-0.13994200873972043,-0.1476461498544176,0.06738809496476462,0.02924457804990268,0.043029059770031235,0.047351688836241766,-0.056801069283913146,-0.06705533303578655,0.01905304810400345,-0.014669520933591735,-0.03037965822458113,0.008849581599925903,0.03437665351581001,0.011807852417365957,0.06293120481179769,-0.029642701341991193,0.031101828359374122,0.0051291455487419675,0.002121703400318252,0.005993193524413131,0.06158206864775159,-0.006344009033474004,0.0434137776092008,0.04540975357068929,-0.007840057649482243,-0.012437023112365584,0.022890147940122712,0.005846214280425862,-0.016790467523682153
SRR18484096,-0.31388517722377834,-0.06702853092395153,-0.016196133097382215,0.09327340550445273,-0.006400382928503089,0.022968172590069058,-0.08556462835397376,0.0941088280565923,0.05999671818918106,-0.008602541604703497,-0.031934271524203445,0.037817607342230886,0.02499133195561805,0.026968461720671286,-0.10386647935850372,0.05837401135677082,0.06302023774764642,-0.028578803670357703,-0.0060049342588322984,-0.014651762380371122,0.003948499096789193,0.02482464945114207,0.024073042297314426,-0.009579552779185251,-0.04074972781029016,0.0010127949261253075,0.00711849279459786,0.007859277701895345,-0.024780438908316927,-0.009249296141806926
SRR18484104,-0.44184743853553093,0.010589998707756478,0.03710986070380784,-0.04562119802893585,0.018177556141087,0.09403029806613002,0.08394341443404742,0.11658064552541786,-0.11050562600046264,-0.11535866162439812,0.017598576662301114,0.026230089576257803,0.014709926955669805,0.03175776816840286,0.039275182542942176,-0.050852776628319864,0.1518047932539736,0.04805503802908754,0.08955227742817069,-0.09618268465476484,0.03054458655336759,0.03661172922153463,-0.050014882334130914,0.008613616804530034,0.024388890081087005,0.04251664458314581,-0.057624896517112806,-0.05806447595208735,-0.08873519816233197,0.08137021819356025
SRR18484129,0.35239587723258453,-0.025002282186279996,0.1854635058447295,0.0026121382220047214,0.03548542765304969,0.017416306345902077,-0.03796568609562204,-0.011761594302874124,-0.034064590121251605,-0.009235192925571248,0.025618134654596836,0.009232483655606603,0.040309619917088854,0.009703612432612906,0.0010589431814438453,0.05042825351469552,0.004151433308137432,-0.02132220962202576,-0.003077249517806904,-0.016144316705997107,0.05287712211297024,0.004572196061168466,-0.004391627609740887,-0.06668891497889164,0.0012434267369147956,-0.014998222219510436,0.010238228481015098,0.013200486966499518,0.03407415152102124,-0.036594328288956056
SRR18484132,0.1038546199198155,-0.15611886833558686,-0.3968137380170991,0.11159673077628408,0.011070071389002272,0.19384279337241905,-0.03222118697928009,0.11459542520665396,0.027992749968426833,-0.05623046931976331,0.05012218135197729,0.03409898525169766,-0.034549784232303225,0.03749491351856988,-0.010023346020975649,-0.03519978774161082,-0.006613714362622077,0.08216147277337782,0.04487434370329166,0.01007706612121592,-0.00866917589923445,0.015906040421381544,0.015979054371914114,0.06662677503652815,-0.0013326766742206098,0.06519773536588515,-0.010469135002104784,-0.0076461873979025395,-0.020498163596629516,-0.004451479591887732
SRR18484165,-0.40119304678269563,0.038824535539217046,0.23467245162439,-0.07615208134639057,-0.016226804644364948,0.061110318381035623,-0.03373997176412684,-0.006470467966288497,0.0125436782957171,-0.01855443365003253,-0.0017406616042801532,0.033105830931365064,0.02320951156850924,0.07068686744617804,-0.07433580847393774,0.04961583570926833,-0.06966127425018252,0.06177537966957458,-0.010346749209974597,-0.013583840517907023,-0.034200236238223956,-0.0017942539474709884,0.022417638331300057,0.046521156648447845,0.026707952077991547,0.024042738645635282,-0.01132116025384154,-0.05304862786688962,0.014935786278882538,-0.042746530203618995
SRR18484174,0.100378064117647,0.027939544742567796,-0.008159602220036671,0.0566341548133341,0.09290879486728207,0.03640827755110311,0.2644179106833515,-0.26070582144481064,0.1824879493148938,-0.17542646359323372,-0.08171170663093306,0.35137594288423274,-0.035409306218709996,-0.18195476550695536,-0.0014950366424715655,-0.013737020519843629,-0.010983457894526595,0.044959586764360106,-0.06834834693358402,-0.0012986634835895979,0.06703274225271819,0.06331700537638246,0.008195540562345744,0.010145791316700159,-0.002401939662139445,0.018344191619640925,0.04180925879459492,-0.00221882163381541,0.004479572361412351,0.015673967168788133
SRR18484184,-0.3912937913841773,-0.0160942492277296,0.055569160487460655,0.040221930665946766,-0.07822400645249426,-0.1496313818820753,0.04191470963787164,-0.0032426415225516882,0.060005697263149665,0.06457729767287243,0.059889603384165116,-0.011946159904672373,-0.05429418732795117,0.0070916692291811126,-0.03476357111809356,0.0159958701655589,-0.028184685636768705,-0.02189811038708172,-0.021717493129184497,0.0009161617968937102,-0.011258261405696945,0.058189654275457706,0.012497597626196904,-0.01592103795134333,-0.0010305139029199047,0.014157625718450924,-0.047553340073462846,0.023379497629537536,-0.017969757078045573,-0.001734994116885483
SRR18484192,0.01557190713675174,0.738952426290539,-0.04077739963332676,0.06339359187936416,0.13156658215306982,-0.0049514940060723985,-0.07185941240330333,-0.05786914873223906,0.016497096398636838,-0.035521507955075374,0.0071152455745063375,0.011070562566164352,-0.02039259748255609,-0.09499358075965443,-0.09625332805522968,-0.014011201866787027,-0.01696918918618298,-0.04694262233010349,0.029442365672807187,0.027034668537814714,0.08544829482794862,-0.089601761881633,-0.047229876465487375,-0.0781222386300768,0.10856479254046013,0.009822219267736769,-0.16014253683589538,0.029845188297338003,-0.04124138269292776,-0.002614180266883051
SRR18484207,-0.4782771959191341,0.028496180690035306,0.050651189747710365,0.009429351019942946,-0.022560412799702376,-0.13354630227573197,0.2032297194503103,0.10717060247878915,0.04252496326783657,-0.12789462307379568,-0.03131519778470307,-0.09047458200245934,0.0014897449946277323,0.0006618278420785087,0.06643753137440808,0.0376739288202925,-0.05409482561644612,-0.05401586895502812,-0.0021280997340919366,0.07114803161925477,0.0019744568147113915,0.04321201296772773,-0.03106869151250994,0.01965445868068783,-0.0076116123766876926,-0.015829032225800902,0.011549197119898368,0.000678683515343621,0.05517709454794516,-0.00957577261866963
SRR18484231,-0.2760387313361819,-0.09464750001349977,-0.07980178795853567,0.037626127844581775,0.023841596006033514,0.07476302054779262,-0.08865178828840367,-0.056799180406734984,0.028670751621305217,-0.03784019555298623,-0.05722282084236308,0.03239808338921633,0.029376368953274647,-0.0020536457586065307,0.06031451544034407,0.009917552756995142,0.07772656559938776,-0.028882921885040155,-0.004429965308305198,-0.02373513485665203,-0.03811051287932225,-0.02858585235181584,0.019560341861025746,0.07345875732358141,0.01875587658796989,-0.04702883817265976,-0.03607844621816374,-0.027584582658848434,0.06294364224687383,-0.026369960437958508
SRR18484236,0.10416347917137846,-0.14469894773087805,-0.39551209196821696,0.11642012041498777,-0.009184030057697478,0.0935500209575791,-0.060186887736752306,0.15792634988697407,-0.06947490012079438,0.10863448046847914,-0.009637064777708157,0.11814676090991404,-0.1263168608501341,0.018379595184367627,0.08446790488214422,-0.046925344233354364,-0.08041164555981509,-0.01668083350257379,-0.0004446930892074606,0.010796494575972416,0.049664449875818986,0.03947244685519738,-0.07540670878329735,0.000774214259434671,0.004837349848676925,-0.1031051908157992,-0.02105437524407549,-0.006362561014321416,0.006814976836795578,-0.01411267509922648
SRR18484254,0.27240340353875475,-0.12145508143542387,-0.06641642555997698,0.09236095835119913,0.07668398927737649,0.09221891681022218,-0.056139718390929134,0.09851988307068776,-0.057313622410556826,0.011141958369512863,0.026819574970115112,0.005285272357688268,0.009058096573308524,-0.03898417145202964,-0.037807736845565536,-0.0035473168886799838,-0.017848191807302762,-0.009547621733199615,-0.008196315492556174,0.08431663716689093,-0.015870442095627102,-0.014282362142098071,-0.0330946661376338,-0.01275632079497295,-0.022837453769505533,0.055413931326111006,0.0022180466952243117,-0.004989617413853598,0.009430843460012791,0.02908921747715279
SRR18484262,-0.2971909235286679,-0.030513297079379886,0.16175841064667296,0.048301313834083856,0.06429745489672598,0.05782210060141394,0.0038220254713694623,-0.019713934919131038,-0.013996644085502179,0.011941600209989493,-0.014488931289939527,0.0041845068438157345,0.0378305518059896,0.03627570949556636,0.03639071447110709,0.08680345375204487,-0.0027646030110448747,-0.021599698087781994,-0.011643470757338284,0.00889948973893461,0.02292607614699751,0.026695091990934786,0.00690668736777205,0.0060179415270654275,0.023572517356125828,-0.034183530851329184,-0.009479385632212362,-0.004848614787467917,0.0211832736576355,-0.038072484504449174
SRR18484301,0.5625848000757533,0.05928708844607926,0.29134598718989035,0.17585084493052422,0.05607559350390712,-0.03480444637937237,0.057316220887540105,0.11562074449464443,0.0624917434734207,0.009381503984116505,0.0007551530346331097,0.007227143317705911,-0.007239164257696882,0.015572447947265991,0.03354231243928343,-0.03181550841024813,0.001955372195625034,0.028335371872215256,0.012917974519911815,0.009178296450038523,-0.014446491157139085,-0.011089049066906484,0.013845647307175024,0.015176215902389812,0.03397795689222891,-0.01378578923415469,0.017476501290313327,-0.01480175035785514,-0.018122864277897204,0.01819806038604534
SRR18484329,8.218944238600912e-07,-0.1416390718060239,-0.13943397101614266,0.13250306597793854,0.08514880867910056,0.1394450088085901,-0.0966788620015522,0.01076433072479934,0.012992271034415252,-0.11672949946109823,-0.06642076838800483,0.040357377147842356,0.045839627140639834,0.07914956955334479,-0.022741145699156213,-0.00958545347229718,0.06490361643004494,-0.030667302215014777,0.010005006920064383,0.07099289621837977,-0.03479947940363387,0.002899677113150967,0.03305621073987301,-0.016913902730576066,0.005867227937724985,-0.03346804282870873,-0.00848083811974568,0.026502958113943334,0.01267295530908137,0.025629274951456102
SRR18484332,0.03462228481734299,-0.10863534905038229,-0.09247522511088832,-0.024108867350930333,0.13671602146120265,0.29280935763636445,0.07404291337792794,-0.04628866986770675,-0.0032505139970913223,-0.04712244420211118,0.13104898502444273,0.02089027796466995,-0.05649889057777553,0.046902045781974405,0.11343495814770847,0.059534976305328176,0.022535254527967043,0.11662510373535409,0.06659440502755565,0.020509068528771913,-0.014701312088338947,-0.07359041360369109,0.0125679493397244,-0.02631509771268642,-0.07564047686375429,0.028908798708311437,-0.01980602731814168,0.04257050348294527,0.019159163357057904,0.001713925527247922
SRR18484336,0.14825556325843353,-0.10269924089205645,-0.11061378884165775,-0.22892491132176204,0.03190679047429512,0.13729009742670656,-0.017725411908434303,-0.030447414019071025,0.0009436913592237932,0.03137970290440423,0.0893397406888008,-0.027892500095236857,0.05277659735748099,-0.08156225664621476,-0.04724400739408843,-0.05164897471309367,0.01146727614839182,0.0321810702960061,0.02071019585238518,0.013740989158594811,-0.0041610779687688,-0.029841888199540735,-0.020479734742003795,0.017460068120563634,-0.03362683201051808,-0.005914362573331687,0.04381959077634908,0.020843733880584532,-0.006681623418054944,-0.013408587589368344
SRR18484340,0.06325276667323887,0.8349555588358288,-0.21833573764032657,0.09570181071647617,0.010965326591719548,0.027071550896068518,-0.04745062248523006,-0.011898951006699257,0.0050425464533092115,-0.006419911199738501,0.057553228224062405,0.053166361383487896,0.02272180178301542,-0.03387481039688365,-0.0019434236575495707,0.06961597897525056,-0.11570989689984412,-0.09684885557687986,0.25989133063829645,-0.051648353083825024,-0.07813691107802556,0.007231795163278896,0.04774739754410054,0.032514825059244565,0.01667031426003918,-0.01675583168759433,0.09392542505945221,0.0033096110069364753,0.025466632443660712,-0.0004730891049977397
SRR18484348,0.15363112740622775,-0.07408992929732432,0.008531882128651707,0.10723014734366824,-0.0030445287674183276,-0.1546291934125676,0.12704425832714095,-0.102718770824642,-0.01468240253298269,0.06558699240444411,0.08415262281679425,-0.08889386260254868,0.014893888152138478,-0.021830884288844776,-0.07186750212446098,-0.0063407342156341475,-0.00503594476629208,0.026310542635593164,0.019518208660290012,-0.022047856109302356,-0.01808287186097657,0.04616037206726473,0.020923297549032983,-0.004095034752738344,-0.013988124500118417,0.02920330652876606,0.0010598442054732316,0.010871638258848234,-0.028423387149606752,0.0010427970323221526
SRR18484350,-0.3395457526744255,-0.04743356971646884,0.02993643813007863,0.0770319237026664,-0.045618145962533496,-0.09675805087444832,-0.1262692826485935,-0.05139376970180963,0.06711361538960146,0.0823770472051826,0.012701311088368002,0.012678275064232327,-0.014928058831409508,-0.06734955830632249,0.05111678671912814,-0.0317655347319244,0.042763448652332975,-0.08565283763217017,-0.023685929597566092,-0.02065751532272442,-0.051119758653367126,-0.0006922707215856055,-0.005827000011595478,-0.0039364277992696844,-0.047148246155966876,0.017197757718598244,0.0114004222371778,-0.0261248721476718,-0.03041529137945626,-0.009004067756735635
SRR18484362,-0.1909441845964831,-0.05179597553476243,0.14536575424122514,-0.08439928438418583,0.0326941041047888,0.07136431835647976,-0.12979369334457305,-0.05450664209060511,0.000554866106218008,-0.007839123171756052,0.05582614874252576,-0.008145078859252796,-0.0056561647406779755,-0.0062979307357346566,-0.023984703530783347,0.004052972422226333,-0.03651279257321827,0.03424630731999882,-0.009010714675807994,0.02817140357863089,-0.014248560534947054,-0.03323353591657654,0.024175686134290872,-0.018010543634817293,-0.010556624709922222,0.008828117498290284,0.01672549652453228,-0.06246799399810337,0.02070827083525768,0.018767291750292556
SRR18484404,-0.3985161985462265,-0.03515292886358888,0.04007251209622175,0.05656053087386157,-0.0313702662787361,-0.037908755952558285,-0.11352708550745326,0.05422510101515948,0.06689642911134358,0.07791248818530236,-0.00836016014675101,0.036884699618061734,-0.0145118148207299,-0.01216539938215169,0.01918455543806787,0.0005426749068793591,-0.0304008001018023,-0.01227175963451687,-0.020128231093353918,-0.035769151401799384,0.0032235224191364624,-0.0407422023578637,0.012465106114267797,-0.05743986414244224,-0.024635837662150308,0.017689373703927983,-0.012823818740084357,-0.04376173982278045,-0.008064922156414498,-0.015297259294826098
SRR18484432,-0.34238000635540444,0.02241886882924105,0.21139512187067977,-0.08932451081496667,0.07121369527941918,0.025874065507091006,0.05267263085842072,0.009278937420497905,0.004302857630234289,0.007963041518252171,-0.10644081746838925,0.01759402606222445,-0.07524366565542635,0.06674809798979944,-0.028077207201774302,-0.11624393086707249,-0.11202432572793204,0.07266319767693466,0.0005177023295162418,-0.043235160217207885,-0.11273858004505787,0.00873028576870382,-0.06264843201954194,-0.08857731538462164,0.032974038802866014,0.0766718606919614,0.04853763867545145,0.042518832225982565,0.029389361416417216,-0.05311643002681461
SRR18484505,0.053493518568607366,-0.12109757943881916,-0.1709952140999105,-0.006723366541861056,-0.02216350932579665,0.07727304987979285,-0.0843318634840061,0.024708326663420262,-0.0857115015495032,-0.051901275052633485,0.095377384508177,-0.01016483100643391,0.03688387497475322,-0.06702501419496461,-0.03837674554327997,-0.0020483706957616066,0.053460284891376504,-0.010333542862012527,-0.025529444789828038,-0.09906822885199697,0.041489954812114184,-0.005287782507795572,-0.024562483462148257,-0.05625907368722528,0.05759705615643406,-0.012517615115987476,0.05796687591112229,-0.05647630520098955,0.027401782753088404,-0.08421712862855044
SRR18484538,0.23289724767245254,-0.07944517928412993,0.024261618180354015,0.31750534546940246,0.0356345901815434,-0.012631184609033275,-0.06932130133325369,0.04022781862148967,-0.06841896606491157,-0.053519905725096545,-0.007517444089745598,-0.01712607234741278,0.056724656728780604,-0.01997718682012386,0.014482907978370409,0.05917115012520133,-0.005349700069593158,0.009702970753731409,-0.01802251131294361,-0.022109847609686876,-0.0094456177207101,0.024595124457115383,-0.03473474822175826,-0.005412944085414905,0.006268799097381632,0.04446718208194542,0.02216141874240029,-0.017057506535914764,-0.025441926756907894,0.02863454703296084
SRR27935736,-0.061111817348131266,-0.0950025963648179,0.03890814332429254,0.12669540317338515,0.014282340710078,-0.10098296168040642,-0.10247237713900295,-0.02775299908422046,0.019012730033126854,0.041221263012826456,-0.05227650552644492,-0.026230056091135413,0.01809177289873012,-0.037748093873234245,0.023165469914857045,-0.000498228584295955,-0.025894068717780917,0.014433076241693448,-0.0006197063933521705,0.010827711379744892,0.02104123079611526,-0.002465894466785348,-0.02056757008976765,-0.026201267397249168,0.010704475347347305,0.009193424154173756,0.04410410896318452,0.024902269391612757,0.011098942725118268,0.00998477328830213
SRR27935818,-0.1310352430548352,-0.05534186223645217,0.00027745967959641465,-0.14357577866844728,-0.06177530602033952,-0.07735923857647295,-0.09548959033500266,-0.002217084039026398,-0.07093270616308832,0.04758572332175769,-0.15841222320197407,0.002974558241897248,0.040381989352934286,0.0037322652070211626,0.13134046077420114,0.05267781038816265,-0.04935464963435363,0.015332195625932212,0.05487623377834438,-0.0785123870726955,0.1107623611592156,0.05497227303363046,0.03662376939532737,-0.07079692593008086,-0.007980533938541305,0.030390559344760256,0.03865587016832445,0.017636763878570525,-0.0660985903949565,0.017732137348633593
SRR27935822,0.010818488941468085,-0.12665512734975448,-0.1111380312383234,-0.07681362989063595,-0.02069261585927245,-0.05338328656370006,-0.11745942620693017,-0.032585820044322915,-0.0499030818985533,0.036679240061004405,-0.009492800587807373,-0.01588081557810961,-0.00048532090890656516,-0.09316821494523497,0.019270244016797538,0.01717409234442145,0.03283564150049057,-0.002654528604307073,0.006647832548896586,0.05912340069850506,0.0026325840568883724,-0.004295530515033948,-0.010925662464773705,0.013954509912559126,-0.02115496888462146,0.005679179706069898,0.010570990899653882,0.0018550242850114197,-0.0030598334596555915,0.024631252549801783
SRR27935829,0.4263406061105928,-0.04750261436742463,0.11428804186339604,0.01696995780510219,0.010714803442771965,-0.01963479023808625,-0.08709496967762323,0.02069254401311586,-0.055839416028483406,-0.014214419604449,-0.04037441060914364,-0.0046846799911671,0.013952996117214412,-0.019234867950740513,0.024474771753065422,0.07011082179108483,-0.019227215419529146,-0.003962365417888266,-0.02041208254339982,0.016136720570033476,-0.021514155139249036,0.010043961480065028,-0.025522816314528594,-0.030054407080909708,0.020902159500745348,-0.004231029053726839,0.01921274526864279,-0.003963530653374824,-0.024328006263007844,0.022296653146595333
SRR27935835,0.5333389149558418,0.0571892978191812,-0.0012242615600812955,-0.3949401325563783,-0.1882424503779299,-0.05864558378998673,-0.039255204953131034,0.12046573727991886,0.11550821816961103,0.04235881607670164,0.016209822604096313,0.09577530278529267,0.06830219883193357,0.03235101119543591,0.014335370019829907,-0.003077706946510805,-0.020191619005291584,0.0051527936960214975,0.003918713057180562,0.05085082880704356,-0.007866795252635934,0.011406825606061483,0.0005473261177436518,0.009459274539288971,0.028418496372833515,0.01836472128489396,-0.04590304047799076,-0.00785512710664947,0.04036182416556143,-0.004567652779731216
SRR27935843,0.23153291343277274,-0.059382112206659746,-0.0439280819199226,0.22621178228607441,-0.04379935057553506,-0.2242019296483754,0.09015086907115327,-0.031895781181187154,-0.09694019720885157,-0.046837475295826415,-0.00271620334734888,-0.04976121068354334,-0.0998722094624665,-0.03728088314852892,-0.015496522852693689,-0.056818666442259476,-0.04911654947296538,0.12126063638025968,0.020130126218062393,-0.030806099985135012,-0.05363443904740478,0.042720735943395205,0.09890874279023713,-0.08657945515269488,-0.07427036187850736,-0.10181832918777534,-0.07161881197814661,-0.021165465271594568,0.03575910980902407,0.0014661907184718177
SRR27935848,0.1432315151793367,-0.08687811975139009,-0.061213770747175385,-0.25586946914591036,-0.04132899643121796,-0.03507291709139776,-0.08493154028267676,-0.04613990052507836,-0.1063458078866836,-0.07259565628931279,-0.039957262216412,-0.04958503404427622,-0.013655906770230633,-0.04819151999127927,-0.006585871898228937,0.06817558394801168,-0.027488483117148424,0.030830501485092084,-0.010633142869901652,-0.020537379460355654,-2.482699467647964e-05,0.01245859517417143,-0.00031978304522967815,0.032079233529043974,0.030740092011367823,-0.010168408903113175,0.02757594181702488,-0.00483553055131954,-0.07157294712447695,0.010075536087479665
SRR27935854,-0.1894809759621607,0.03771503056204212,-0.08638245730408536,0.09517200007271732,-0.264158604387039,-0.23782065438515423,0.0874471778578365,-0.04118687148470143,-0.3252705309673002,-0.10258876079393722,0.12671011435430743,0.1728471732440804,0.21653859491219693,0.0880296386975513,0.0496319122073225,-0.10832703680659769,-0.048718419791814176,-0.06217940077192585,-0.0521090443918528,0.04291925666894923,-0.03138562873343646,-0.03691027688663891,-0.037191998848335246,-0.027026089980945623,-0.006624852996912908,0.01663664046972459,0.0039468467325578654,0.008467672807209998,0.023792914433664766,0.024247380833839243
SRR27935858,-0.1893534712775865,-0.1163200495093994,-0.16542335487714743,0.05720864882253997,-0.016770555797134715,-0.09196442199890612,-0.02578247820099731,-0.10495887406562776,0.1589017595690202,0.01411960784803971,-0.02656478038269675,-0.03322866441334572,0.005075086843303987,0.12690841331681244,-0.024151953955891176,0.010036711620160956,-0.041141763991601715,-0.0039732161378147725,-0.01324688877699692,-0.0916905575588399,0.060910909618536645,-0.06160039633193989,0.047908558842241857,0.01783257458458258,0.017607755996504,-0.007902320798645139,0.00813578869054138,0.04268646595225148,0.015456050176963405,0.10010200644743554
SRR27935861,-0.06758274668309706,-0.030462194740507032,0.23946697418828644,0.011158136968250291,0.020696161328973034,0.01768757509363971,-0.21393825215405987,-0.0323227921048505,0.0016538799430429094,-0.004505469404974638,0.02033661751226658,-0.004533303838292869,0.006159633141551445,-0.05251809580889273,0.017207243965516334,-0.03604580522087863,-0.0107747060101985,-0.013222126025548708,-0.013371748305871988,0.03897583318870729,0.009122290823963186,-0.01725264609642184,0.05260737267567656,0.015973519830717535,0.042057477841985824,0.013912450774074018,0.022774193679880407,-0.005346988310911376,0.01768772094430756,0.04065510402534693
SRR27935862,-0.03934375091393616,-0.09014900991340571,-0.06934738968251739,-0.16042912897801517,0.05135261970123739,-0.012952266510585425,0.11586343346157282,-0.1099193921574367,0.007515851508977385,0.09023813264272122,-0.10395997036037351,0.06125141001072315,-0.03776659811264067,0.1392814782184782,-0.03126820053844082,-0.022926542284175653,0.05888517175249828,-0.0261154786823531,0.07868069448245821,0.04433443465644193,0.03692203942190717,-0.05565686671937065,0.014711722307482175,-0.07270192315302478,-0.05623446282269587,-0.05084762737403907,0.05250278117227476,-0.07419496022558617,-0.029689877041937845,-0.00309394329858066
SRR27935863,0.4345159014594564,-0.023348525483730807,0.11273776987183214,-0.06342011558206694,0.014458029596383594,-0.09846257516745979,0.07233116099197628,0.01569700046390754,-0.000570761857328837,0.04867653059464877,0.013090390908989698,-0.011085732716456067,0.004221951951283205,-0.016515229458976915,0.05630298695788951,0.0039444084740020745,0.06259815761235822,0.00884941508553294,0.03645178558888045,0.04862381441772579,0.026700684468689614,-0.0012060129390679484,-0.01445095321199117,-0.05109411651148852,0.0025648657388254235,0.015519394704726384,-0.0017666835861994156,0.034068979914785996,0.025839815169317545,-0.03822645691214782
SRR27935865,0.42518916799228973,-0.01077080379036397,0.2257615816767415,0.14886558735721686,0.03373169312520603,-0.054664238406219014,0.00148418718821693,-0.04337134004091343,0.007964368327413882,0.006283844325974334,0.0054405221774452206,-0.008871730721272614,0.031137950343301978,0.0768531955330769,0.002488063918606023,-0.026533081647222456,0.025321064138199532,-0.02187912862223042,0.01575341142345703,0.043227473800756366,-0.01931435043084566,0.025855263774110467,-0.019944960342674494,0.006398473854227153,0.021063711040378047,0.06082724477137289,0.009859188250375402,0.009238501692591019,-0.05037877665327441,-0.003255281965906912
SRR27935868,0.2808126767215914,-0.07550860542024314,0.015484347653315203,-0.03830623105429448,-0.016569483832438173,-0.007349179389459223,-0.09209466653991763,0.07781953647129891,-0.0501262870782285,0.03955439024849348,0.02674123879983696,0.007411833020408875,0.03806159433113338,-0.08314351916300325,-0.05516313662393559,-0.020686828915696277,0.07087247472165015,0.008502184167770165,0.016358323776729054,0.032912469470840484,0.028108823104940315,-0.004916354764972992,0.045961611392486126,-0.030322539071545012,0.027907080635473622,0.005194604260873991,0.056989236354691816,0.020061406536292296,0.006295104775359779,0.010890353507821792
SRR27935870,-0.1871747962543561,-0.024847292006824694,-0.028301327794431137,-0.22407999374022708,-0.07799772482957186,-0.2044872261311204,0.16090571622522087,-0.028462070134170698,-0.0018610066536346162,-0.011728165757155982,-0.06639355639384742,-0.04439154863439061,0.11985305345756445,-0.007117735533457916,0.08565614320376826,0.05195337282800502,-0.007935260184880681,0.08360717344744896,0.0482286480731605,0.03509307053961544,0.06492730383566055,-0.06387279753657209,0.09599100812318362,0.009209105877143,-0.01473456623330335,0.06914248109683686,-0.03686827433601959,-0.002121672050909637,0.026322796227393707,-0.060212438769579275
SRR27935873,-0.4880309186543783,0.0408882771864323,0.1276073253703021,-0.02316600479957143,-0.09635783547614729,-0.049321191863328055,-0.004937144605322644,0.036452593255313144,-0.019937272792869744,0.0824551658518697,0.05770369401041465,0.07478443123715506,-0.02402964429637,-0.004237241669508536,-0.08280908228315256,-0.0037499365017711725,-0.00895889595305432,0.017067203443090158,-0.007408227714622334,0.05453010355251639,-0.04701823603482971,0.046755368063174596,0.06239894062793814,0.07223495576250166,0.013413895227414757,0.01676827933529708,0.0012791592621789539,-0.010891216397331956,-0.05009993345172097,0.015301439736299471
SRR27935876,0.45877369242328997,0.03344653354758974,0.04516998694092298,-0.4249021085186222,-0.07910679051264516,0.005118817931155316,-0.07854002575421988,0.06630695559065289,0.006655005367386514,-0.10940309825662019,-0.05032656106164842,0.009042662934342426,-0.06240753752218302,0.013909936533140365,-0.008815327884630226,0.06720154192721552,-0.11003658522625806,-0.05896042729831614,-0.07198470988492642,-0.05416005091571227,-0.06418680375464561,0.017930328339555615,-0.012694451462663785,-0.004389665883652777,-0.03414978203814829,-0.0080772296285302,-0.046777043404578354,-0.05462918760231033,-0.03364517420986244,0.05941075695359914
SRR27935884,0.5082379748624043,0.018131999877770213,0.22893307652787812,0.031108534939809283,0.0054324196369931405,-0.08497927303694,-0.022896345006484773,0.06374275555015683,0.01770957486420401,-0.006938117737278623,-0.034117746967287664,-0.024616482852817402,-0.021412368037997467,-0.016639921153625153,-0.0004964128790836593,-0.006623602775231473,-0.0037612239305215085,0.023119883015928835,0.010375990687961528,-0.0030441567039858177,-0.010700079010312448,0.0030440664686280624,0.020129466448978003,0.004309102232526524,0.00698332634446029,-0.009632938178656033,-0.0011057011157566698,0.02180971684110767,-0.01488906555756845,0.021899076728862807
SRR27935889,-0.3459509292778605,-0.03725798306322142,-0.008241143222582285,0.049582805145654794,-0.08289518133320685,-0.04078138888661666,-0.14936929460977877,0.12993016958969528,0.04974174466461772,0.05737280252934899,0.04263799524101925,0.09638513960515091,0.030533066749810715,0.0008937406145253669,-0.034223713691168535,0.07975320913412692,-0.06100967770921624,0.05323533056199942,-0.026281811770988636,0.03955721307570921,0.06310832575014023,-0.015096989563030034,-0.03887844767313866,-0.0013608933776051045,-0.04090845051182118,-0.038156282797587864,0.023451119459953464,0.12258380062057792,-0.0240980240708913,0.026865708518024205
SRR27935890,0.10258984144969926,-0.13686392491025517,-0.18037987027045094,-0.019128981498161047,0.03474966533342998,0.07503616912368966,0.02475996495196094,0.07529231580540986,-0.09728652802005351,0.06890552347001709,-0.05579206187674333,0.03206490032373607,0.0019701164131785704,-0.003429620201764708,-0.03112534901310747,0.07892983414272357,-0.0004584835910843932,0.005354877241424616,0.01426880707179385,0.03762878856512439,0.021238613284806907,0.011574770073544812,0.0028300343572045267,-0.01027095574953901,-0.005101783668374147,0.01766454578302248,-0.01747244629550282,-0.024697455716146927,-0.015269101567232993,-0.016988093447999487
SRR27935891,-0.5021676007877741,0.09122930332597093,0.2484480788828638,-0.0991333679159278,-0.00718906797265993,0.006601429646559635,0.021319662898729424,0.11387977973621342,0.10760235370139797,-0.13598728817549743,0.06771424315432814,-0.00793123316186735,-0.05875358389946946,0.022427039394486356,-0.009405393230848226,-0.07033716634896305,-0.014190174244369578,0.01361613106490727,0.018794795386001362,0.03923901430526078,-0.01708514794930235,-0.009270953500483986,0.021152776260968578,-0.02799876980633993,-0.04003592735533147,-0.05523473152457308,0.045031152595177794,0.03684640854689765,-0.07639449606684784,-0.023391215918805105
SRR27935892,-0.1841356220545625,-0.036908886761542054,0.1694960573280251,0.07392877291293636,0.04405612816546675,0.04855009942240741,-0.15751087078749712,-0.08880824470079382,0.03353175996289037,-0.04515421362056351,0.057596993131402145,-0.014013506736215731,0.06919645535705231,-0.010105468089040366,0.07076202613239167,-0.08575223437266505,-0.02198567725420202,0.06022529673555554,0.02179051551594624,-0.020232030987591656,-0.017969949201252992,-0.06165324951683545,0.05859004507076387,0.04455624500940578,0.004117659853998657,-0.024222144978979697,-0.047136826177752236,0.041819174093687725,-0.05188443861567843,0.004757814722162572
SRR27935898,-0.09058457047004277,-0.0956586285246431,0.07516144034432774,0.07012046674417743,0.10614779870009856,0.050254286544965825,-0.007620660077155233,-0.05906858856461371,-0.08023337702189991,0.001953673759714899,-0.02569429342078069,-0.053437350607393436,-0.018929532494369697,-0.012636428689734972,0.04367854169583395,-0.018018256340569104,-0.057389389642255664,0.06244940592043185,0.008706261578686671,0.022185299314534366,-0.01579345624245785,0.009375570664439246,0.0030963675713260885,0.01950787856664677,0.0490609145667129,0.023892779057129863,0.0036712867420124005,-0.015330090462244348,0.005117699046061123,0.025125073725453823
SRR27935904,0.08486942557944019,-0.1269406684616374,-0.2351840052721191,-0.18208795506153222,0.04711440759093913,0.16649200501904318,0.0064208107650604715,-0.024081747994804236,0.011294936603068389,0.03267660089059729,-0.030385072733704277,-0.033558396332922125,0.015333379786689286,0.02393313929685102,0.08404118544176578,-0.16992816782374992,-0.03759056572062699,-0.12944874751500768,0.0014931590111721242,-0.07250031172823516,0.05294971574464141,0.06525193085629147,0.05516979532074411,0.023195146106131166,0.007405157898741309,0.006744960974749945,-0.01755260945498056,0.020558218473102918,-0.0341727402153085,-0.027779904197700975
SRR27935912,0.039435015879949326,-0.10965727979355551,-0.11613784988718778,-0.0033295074870423633,-0.04937342943692176,-0.17794671138631812,0.018115941468201165,-0.038555954758687325,0.0072240522163610705,0.060616999357747225,-0.006506394386320801,-0.04297852842470463,-0.03329344185674235,-0.04741911046135378,-0.004170904632866034,0.0030549415344831303,0.028384625047938622,0.04652021066039519,0.05226920652694751,0.052494696296633385,0.015302323589326287,0.004857668919308035,-0.08546380456515225,0.020575226932971213,-0.024434464477606783,0.030897688921446714,0.017592153519588247,-0.03887615085156252,0.0025206193320001405,0.01896117542866587
SRR27935917,0.05406318843414774,-0.078164132343041,-0.002123949951310737,-0.2905272222883598,0.05167166061719461,0.13079173882418174,0.02577606902443726,-0.06849955001073915,-0.044384429694292425,-0.11858444471533432,0.11267087675664285,-0.06900312809651457,-0.04493779957201886,0.01291503677624804,0.03212574558927164,0.05572752520151123,-0.010239499649541317,-0.04520116956323595,-0.006698038078650703,0.013073781869492068,0.044094416668829614,0.014380697693545701,-0.011472307664014969,-0.040762460462989,-0.014496091743644272,-0.003207961251968912,-0.0033403886150875956,0.008822112539487104,0.028723597779371675,0.030655008911956685
SRR27935920,0.395722662769097,0.035709719175808716,0.2972744997192556,0.2047842133428993,0.056831435537743925,-0.031872101772607304,0.07262900596725733,0.05079654961053942,0.0016208740494298294,0.04064016869850524,0.07482676091938116,0.013549587451805557,-0.007897323938594741,-0.00834390796406726,-0.007959152822799118,-0.009171767056439172,0.02831760851339221,-0.006535935922667482,-0.01558270177799026,-0.0017093152346104971,0.009860432750412368,-0.01109304235745401,0.0335934406894556,-0.030586541671255824,0.04563575367841062,-0.07642523518643607,0.05119409599449184,-0.07406917994414652,0.018080637016783245,-0.004356267989747573
SRR27935925,-0.12348358514201628,-0.0796480623125256,0.10424489694891624,-0.05341664241605881,0.09492645850230882,0.07911843391722903,-0.04009115990465177,-0.0950122661119721,-0.08273025835191024,-0.06218099818127427,-0.03753665410810233,-0.0130811773600637,-0.035321356543781886,0.057173647936548604,0.007804757734947282,-0.01252390291279513,-0.048923460678488295,-0.012998276026696183,0.0017037855985826086,0.03971985175437338,-0.017268559303752762,0.050944829525607235,-0.044211237695641344,0.00947379308456036,0.02806006350185722,-0.018976463788480644,-0.008077561809279125,0.00922004315758144,0.022357435601752282,0.0056495013661085605
SRR27935931,0.017302226828972086,-0.04023827846751804,0.10937017395346472,-0.003037246342691368,0.20201230382908128,0.15844031905097145,0.1726206462908548,0.1566206512049085,0.05479995901636417,0.04500391903996177,-0.05444624811607951,-0.0633018460376418,0.1782554738158728,-0.033329423339209484,-0.032021890081126186,-0.0988338692288653,-0.051550195816900714,-0.05532625162021124,-0.0252089131873554,0.016693980564651083,0.04863754534641043,-0.03829885423133615,0.024061051358566773,-0.014489851350822078,-0.059707736981096084,-0.06284797919883607,0.02881317177723593,-0.0007808099393891372,0.009275140396589986,0.09259001145961249
SRR27935979,0.22745302019996363,0.8443275386856856,-0.2916626216549881,-0.1571348284958918,0.02595842412832622,-0.04361181576363611,-0.07250695825147906,0.03556069934187624,0.0063415398855039525,0.03614278936850219,-0.001017459073214103,-0.023076620467700062,-0.026876965663667714,0.04576091017908003,0.0916668811208481,-0.04217837515705445,0.09158568557126173,0.06900037707589246,-0.1384532095672963,-0.01228290961901122,-0.016907751562603674,0.007964382368934738,0.008877020004407024,0.01530975232329818,-0.05056314513562329,-0.015320344204352104,0.057206067939364155,-0.0055189537327730315,0.00819589638751442,-0.010109711056305147
SRR27935984,-0.13871324098394755,0.8325558954591743,-0.16241178016719685,0.09769114874266382,0.04451137880866997,-0.006389291693696091,-0.09416631707666608,0.008524636794486241,-0.02544676124045679,0.010331398945363529,0.01821173323711197,-0.03663415211424531,-0.007230825078132164,0.0724728132041985,0.00791532895573083,0.014082444809532845,0.052569703056090385,0.05858386055656815,-0.12003392044736977,0.0004305614230219369,0.030282229735641743,0.03758707771953899,0.028413832486598442,0.03297383172026683,-0.05430765738628888,0.050283889688238624,0.032938452890127014,-0.0036637223383970785,0.011691757406494436,0.011797019797755102
